,级别,课时,日语单词,词性,中文释意,记忆标记
198,初级,第4课,あります ,动1, 有，在（非意志者）,
199,初级,第4课,います ,动2, 有，在（具意志者）,
246,初级,第5课,やすみます（休みます） ,动1, 休息,
247,初级,第5课,はたらきます（働きます） ,动1, 工作,
248,初级,第5课,はじまります（始まります） ,动1, 开始,
249,初级,第5课,おわります（終わります） ,动1, 结束,
250,初级,第5课,おきます（起きます） ,动2, 起床,
251,初级,第5课,ねます（寝ます） ,动2, 睡觉,
252,初级,第5课,べんきょうします（勉強～） ,动3, 学习,
280,初级,第6课,いきます（行きます） ,动1, 去,
281,初级,第6课,かえります（帰ります） ,动1, 回来，回去,
282,初级,第6课,きます（来ます） ,动3, 来,
331,初级,第7课,のみます（飲みます） ,动1, 喝,
332,初级,第7课,かいます（買います） ,动1, 买,
333,初级,第7课,とります（撮ります） ,动1, 拍照，拍摄,
334,初级,第7课,かきます（書きます） ,动1, 写,
335,初级,第7课,よみます（読みます） ,动1, 读,
336,初级,第7课,ききます（聞きます） ,动1, 听,
337,初级,第7课,たべます（食べます） ,动2, 吃,
338,初级,第7课,みます（見ます） ,动2, 看,
339,初级,第7课,します ,动3, 干，做,
340,初级,第7课,そうじします（掃除～） ,动3, 打扫，扫除,
384,初级,第8课,もらいます ,动1, 拿到，得到,
385,初级,第8课,あいます（会います） ,动1, 见,
386,初级,第8课,おくります（送ります） ,动1, 寄,
387,初级,第8课,つくります（作ります） ,动1, 做，制造,
388,初级,第8课,ふとります（太ります） ,动1, 胖,
389,初级,第8课,だします（出します） ,动1, 寄（信）,
390,初级,第8课,とどきます（届きます） ,动1, 收到，送到，寄到,
391,初级,第8课,かきます ,动1, 画,
392,初级,第8课,かします（貸します） ,动1, 借出，借给,
393,初级,第8课,ならいます（習います） ,动1, 学习,
394,初级,第8课,あげます ,动2, 给,
395,初级,第8课,かけます ,动2, 打（电话）,
396,初级,第8课,かります（借ります） ,动2, （向别人）借,
397,初级,第8课,おしえます（教えます） ,动2, 教,
565,初级,第11课,わかります（分かります） ,动1, 懂，明白,
566,初级,第11课,まよいます（迷います） ,动1, 犹豫，难以决定,
567,初级,第11课,できます ,动2, 会；能；完成,
568,初级,第11课,しめます（閉めます） ,动2, 关闭，关门,
569,初级,第11课,つかれます（疲れます） ,动2, 疲倦，疲惫,
570,初级,第11课,さんぽします（散歩～） ,动3, 散步,
608,初级,第12课,ふります（降ります） ,动1, 下（雨，雪），降（雨，雪）,
639,初级,第13课,かかります ,动1, 花费（时间，金钱）,
640,初级,第13课,さきます（咲きます） ,动1, 花开,
641,初级,第13课,およぎます（泳ぎます） ,动1, 游泳,
642,初级,第13课,あそびます（遊びます） ,动1, 玩，玩耍,
643,初级,第13课,すいます（吸います） ,动1, 吸（烟）,
644,初级,第13课,きります（切ります） ,动1, 剪，切，割,
669,初级,第14课,とおります（通ります） ,动1, 通过，经过,
670,初级,第14课,いそぎます（急ぎます） ,动1, 急，急忙,
671,初级,第14课,とびます（飛びます） ,动1, 飞，飞行,
672,初级,第14课,しにます（死にます） ,动1, 死，死亡,
673,初级,第14课,まちます（待ちます） ,动1, 等待，等候,
674,初级,第14课,うります（売ります） ,动1, 卖，销售,
675,初级,第14课,はなします（話します） ,动1, 说话，说,
676,初级,第14课,わたります（渡ります） ,动1, 过（桥，河），穿过（马路）,
677,初级,第14课,おろします（下ろします） ,动1, 取，卸货,
678,初级,第14课,えらびます（選びます） ,动1, 挑选，选择,
679,初级,第14课,けします（消します） ,动1, 关（灯），消除，去除,
680,初级,第14课,あるきます（歩きます） ,动1, 步行，行走,
681,初级,第14课,まがります（曲がります） ,动1, 拐弯，曲折,
682,初级,第14课,あらいます（洗います） ,动1, 洗，洗涤,
683,初级,第14课,でます（出ます） ,动2, 离开,
684,初级,第14课,でかけます（出かけます） ,动2, 外出，出门,
685,初级,第14课,あけます（開けます） ,动2, 开，打开，开启,
686,初级,第14课,すぎます（過ぎます） ,动2, 过,
687,初级,第14课,みせます（見せます） ,动2, 给～看；出示,
688,初级,第14课,つけます ,动2, 开（灯）,
689,初级,第14课,おります（降ります） ,动2, 下（车，山）,
690,初级,第14课,かいものします（買い物～） ,动3, 买东西,
691,初级,第14课,そつぎょうします（卒業～） ,动3, 毕业,
692,初级,第14课,しょくじします（食事～） ,动3, 吃饭，用餐,
693,初级,第14课,せいりします（整理～） ,动3, 整理,
694,初级,第14课,コピーします ,动3, 复印,
722,初级,第15课,のります（乗ります） ,动1, 乘坐，乘,
723,初级,第15课,つかいます（使います） ,动1, 用，使用,
724,初级,第15课,すわります（座ります） ,动1, 坐，落座,
725,初级,第15课,はいります（入ります） ,动1, 进入，加入,
726,初级,第15课,もうします（申します） ,动1, 是，说，讲，告诉,
727,初级,第15课,とります ,动1, 取，取得,
728,初级,第15课,うたいます（歌います） ,动1, 唱，歌唱,
729,初级,第15课,つたえます（伝えます） ,动2, 说，传达，转告,
730,初级,第15课,とめます（止めます） ,动2, 停，制止,
786,初级,第16课,もちます（持ちます） ,动1, 有，拥有，持有,
787,初级,第16课,すみます（住みます） ,动1, 住，居住,
788,初级,第16课,しります（知ります） ,动1, 认识，知道，了解,
789,初级,第16课,なおします（直します） ,动1, 改，修改，改正,
790,初级,第16课,かたづけます（片づけます） ,动2, 收拾，整理,
791,初级,第16课,れんしゅうします（練習～） ,动3, 练习,
792,初级,第16课,けっこんします（結婚～） ,动3, 结婚,
793,初级,第16课,あんしんします（安心～） ,动3, 安心，放心,
833,初级,第17课,はじめます（始めます） ,动2, 开始,
834,初级,第17课,れんらくしあす（連絡～） ,动3, 联系,
875,初级,第18课,なります ,动1, 变，当，变成，成为,
876,初级,第18课,あきます（開きます） ,动1, 开,
877,初级,第18课,にあいます（似合います） ,动1, 适合，相称,
899,初级,第19课,さわります（触ります） ,动1, 碰，触,
900,初级,第19课,ぬぎます（脱ぎます） ,动1, 脱,
901,初级,第19课,ころびます（転びます） ,动1, 摔，摔倒，跌倒,
902,初级,第19课,かわきます（渇きます） ,动1, 渴,
903,初级,第19课,なおります（治ります） ,动1, 痊愈，医好,
904,初级,第19课,すべります（滑ります） ,动1, 滑，滑行,
905,初级,第19课,よびます（呼びます） ,动1, 呼喊,
906,初级,第19课,かえします（返します） ,动1, 归还,
907,初级,第19课,てつだいます（手伝います） ,动1, 帮忙,
908,初级,第19课,はこびます（運びます） ,动1, 搬运,
909,初级,第19课,なくします ,动1, 丢，丢失,
910,初级,第19课,おとします（落とします） ,动1, 掉，使落下,
911,初级,第19课,おきます（置きます） ,动1, 放置,
912,初级,第19课,はらいます（払います） ,动1, 支付,
913,初级,第19课,たちます（立ちます） ,动1, 站，立,
914,初级,第19课,わすれます（忘れます） ,动2, 忘记,
915,初级,第19课,あわてます（慌てます） ,动2, 慌张，惊慌，着急,
916,初级,第19课,すてます（捨てます） ,动2, 扔，扔掉,
917,初级,第19课,ざんぎょうします（残業～） ,动3, 加班,
918,初级,第19课,しんぱいします（心配～） ,动3, 担心,
958,初级,第20课,ひきます（弾きます） ,动1, 弹,
959,初级,第20课,すきます ,动1, （肚子）饿，空,
960,初级,第20课,のぼります（登ります） ,动1, 登，上,
961,初级,第20课,あつめます（集めます） ,动2, 收集,
962,初级,第20课,あびます（浴びます） ,动2, 淋；浇,
963,初级,第20课,ごちそうします ,动3, 请客，摆盛宴,
964,初级,第20课,きこくします（帰国～） ,动3, 回国,
979,初级,第21课,わたします（渡します） ,动1, 交给,
980,初级,第21课,おくれます（遅れます） ,动2, 迟到,
981,初级,第21课,かんがえます（考えます） ,动2, 考虑,
982,初级,第21课,しらべます（調べます） ,动2, 调查,
983,初级,第21课,きます（着ます） ,动2, 穿,
984,初级,第21课,よやくします（予約～） ,动3, 预约,
985,初级,第21课,かんしゃします（感謝～） ,动3, 感谢,
986,初级,第21课,うんどうします（運動～） ,动3, 运动,
987,初级,第21课,せんたくします（洗濯～） ,动3, 洗涤，洗,
988,初级,第21课,ほうこくします（報告～） ,动3, 报告,
1008,初级,第22课,やります ,动1, 做,
1031,初级,第23课,ちがいます（違います） ,动1, 不同，不一样,
1032,初级,第23课,こみます（込みます） ,动1, 拥挤，混杂,
1033,初级,第23课,きまります（決まります） ,动1, 定，决定,
1034,初级,第23课,しらせます（知らせます） ,动2, 告诉,
1035,初级,第23课,たしかめます（確かめます） ,动2, 查（看），弄清,
1049,初级,第24课,おもいます（思います） ,动1, 想，思考,
1050,初级,第24课,いいます（言います） ,动1, 说，讲,
1051,初级,第24课,さがします（探します） ,动1, 找，寻找，寻求,
1052,初级,第24课,わらいます（笑います） ,动1, 笑,
1053,初级,第24课,やめます ,动2, 戒，停止，放弃,
1054,初级,第24课,きめます（決めます） ,动2, 决定,
1055,初级,第24课,ねぼうします（寝坊～） ,动3, 睡懒觉,
1056,初级,第24课,がいしゅつします（外出～） ,动3, 外出，出去,
1057,初级,第24课,けんきゅうします（研究～） ,动3, 研究,
1090,初级,第25课,とまります(泊まります),动1,住，过夜，住宿,
1091,初级,第25课,むすびます(結びます) ,动1,连接，系,
1092,初级,第25课,とります（取ります）,动1,印，记下,
1093,初级,第25课,うまれます（生まれます）,动2,出生，诞生,
1094,初级,第25课,とうさんします（倒産～）,动3,倒闭，破产,
1095,初级,第25课,じゅうたいします（渋滞～）,动3,堵车，停滞,
1096,初级,第25课,チエックします,动3,确认,
1130,初级,第26课,ふせぎます（防ぎます）,动1,防御，防备，防守,
1131,初级,第26课,まわります（回ります）,动1,走访；转；绕弯,
1132,初级,第26课,はしります（走ります）,动1,跑，奔跑,
1133,初级,第26课,ふきます（吹きます）,动1,吹,
1134,初级,第26课,あげます（挙げます）,动2,举，举起,
1135,初级,第26课,たります（足ります）,动2,足，够,
1136,初级,第26课,スケッチします,动3,素描，写生,
1137,初级,第26课,はつげんします（発言～）,动3,发言,
1138,初级,第26课,ゆうしょうします（優勝～）,动3,得冠军,
1139,初级,第26课,ごうかくします（合格～）,动3,及格，合格,
1141,初级,第26课,やくそくします（約束～）,动3,约定,
1187,初级,第27课,かよいます（通います）,动1,上学，来往,
1188,初级,第27课,あつまります（集まります）,动1,聚，集合,
1189,初级,第27课,おどります（踊ります）,动1,跳舞,
1190,初级,第27课,いります（要ります）,动1,要,
1191,初级,第27课,こまります（困ります）,动1,为难，难办,
1192,初级,第27课,たたきます,动1,拍，敲，打,
1193,初级,第27课,いれます（入れます）,动2,放入，放进,
1194,初级,第27课,かんびょうします（看病～）,动3,护理,
1195,初级,第27课,けんかします（喧嘩～）,动3,吵架，打架,
1196,初级,第27课,りようします（利用～）,动3,利用,
1197,初级,第27课,そうだんします（そうだん～）,动3,商谈,
1226,初级,第28课,ひろいます（拾います）,动1,捡，拾,
1227,初级,第28课,やくします（訳します）,动1,翻译,
1228,初级,第28课,くれます,动2,给,
1229,初级,第28课,とどけます（届けます）,动2,送到，送去,
1230,初级,第28课,あんないします（案内～）,动3,向导，导游,
1231,初级,第28课,こうかんします（交換～）,动3,换，交换,
1232,初级,第28课,しょうかいします（紹介～）,动3,介绍,
1262,初级,第29课,とまります（止まります）,动1,停，停住,
1263,初级,第29课,かわります（変わります）,动1,变，转变,
1264,初级,第29课,がんばります（頑張ります）,动1,拼命努力,
1265,初级,第29课,あやまります（謝ります）,动1,道歉,
1266,初级,第29课,サボります,动1,逃学，怠工,
1267,初级,第29课,やぶります（破ります）,动1,爽约，打破,
1268,初级,第29课,ひきます（引きます）,动1,拉，抽,
1269,初级,第29课,まもります（守ります）,动1,遵守，保护,
1270,初级,第29课,こたえます（答えます）,动2,回答,
1271,初级,第29课,にげます（逃げます）,动2,逃跑,
1272,初级,第29课,たすけます（助けます）,动2,救助，帮助,
1273,初级,第29课,つけます（付けます）,动2,添加，附加,
1274,初级,第29课,おぼえます（覚えます）,动2,记住，掌握,
1275,初级,第29课,ていしゅつします（提出～）,动3,提交，提出,
1276,初级,第29课,えんりょします（遠慮～）,动3,客气,
1277,初级,第29课,ちゅういします（注意～）,动3,注意,
1278,初级,第29课,シュートします,动3,（足球）射门，投篮,
1308,初级,第30课,そろいます,动1,到齐，齐全,
1309,初级,第30课,よります（寄ります）,动1,顺便去；靠近,
1310,初级,第30课,ひらきます（開きます）,动1,开，开张,
1311,初级,第30课,むかえます（迎えます）,动2,迎接,
1312,初级,第30课,ひっこします（引っ越します）,动1,搬迁,
1313,初级,第30课,こわれます（壊れます）,动2,出故障，坏,
1314,初级,第30课,まちがえます（間違えます）,动2,搞错,
1315,初级,第30课,しゅっぱつします（出発～）,动3,出发,
1316,初级,第30课,てんしょくします（転職～）,动3,换工作,
1317,初级,第30课,パンクします,动3,轮胎爆裂，撑破,
1348,初级,第31课,おします（押します）,动1,按，推，挤,
1349,初级,第31课,つきます,动1,灯亮，灯开,
1350,初级,第31课,さがります（下がります）,动1,下降，降低,
1351,初级,第31课,おこります（怒ります）,动1,生气,
1352,初级,第31课,まわします（回します）,动1,转，传送，传递,
1353,初级,第31课,うごきます（動きます）,动1,运转，转动,
1354,初级,第31课,いきます（生きます）,动2,活，生存,
1355,初级,第31课,おります（下ります）,动2,下，下来,
1356,初级,第31课,フリーズします,动3,死机,
1357,初级,第31课,こしょうします（故障～）,动3,故障,
1391,初级,第32课,おこないます（行います）,动1,开，举行,
1392,初级,第32课,あがります（上がります）,动1,提高，涨,
1393,初级,第32课,のりかえます（乗り換えます）,动2,换乘,
1394,初级,第32课,やめます（辞めます）,动2,辞去,
1395,初级,第32课,りゅうがくします（留学～）,动3,留学,
1396,初级,第32课,にゅうがくします（入学～）,动3,入学,
1397,初级,第32课,りゅうこうします（流行～）,动3,流行,
1398,初级,第32课,にゅういんします（入院～）,动3,住院,
1399,初级,第32课,おじゃまします（お邪魔～）,动3,打扰，拜访,
1400,初级,第32课,たんとうします（担当～）,动3,承担,
1428,初级,第33课,しまります（閉まります）,动1,关闭，关,
1429,初级,第33课,こわします（壊します）,动1,弄坏,
1430,初级,第33课,わります（割ります）,动1,割开，打破，打坏,
1431,初级,第33课,つきます（付きます）,动1,附带，附加,
1432,初级,第33课,かかります（掛かります）,动1,挂，悬挂,
1433,初级,第33课,よごします（汚します）,动1,弄脏,
1434,初级,第33课,やみます,动1,停，停息，停止,
1435,初级,第33课,たちます（建ちます）,动1,盖，建,
1436,初级,第33课,ならびます（並びます）,动1,排队，排，列队,
1437,初级,第33课,つきます（着きます）,动1,到，到达,
1438,初级,第33课,かぶります,动1,戴,
1439,初级,第33课,はきます,动1,穿（鞋，裤子）,
1440,初级,第33课,かいます（飼います）,动1,饲养,
1441,初级,第33课,きえます（消えます）,动2,熄灭，消失,
1442,初级,第33课,かけます（掛けます）,动2,挂,
1443,初级,第33课,おちます（落ちます）,动2,落下，掉,
1444,初级,第33课,われます（割れます）,动2,裂开，破裂,
1445,初级,第33课,たてます（建てます）,动2,盖，建造,
1446,初级,第33课,まけます（負けます）,动2,输，败,
1447,初级,第33课,よごれます（汚れます）,动2,脏,
1478,初级,第34课,やきます(焼きます),动1,烤，烧，烧毁,
1479,初级,第34课,かせぎます(稼ぎます) ,动1,挣钱，赚钱,
1480,初级,第34课,のこります(残ります) ,动1,剩余，剩下,
1481,初级,第34课,つつみます(包みます) ,动1,卷，包裹,
1482,初级,第34课,たのみます(頼みます) ,动1,点（菜）；请求；托付,
1483,初级,第34课,はります,动1,粘，贴,
1484,初级,第34课,かざります(飾ります) ,动1,装饰,
1485,初级,第34课,しまいます,动1,收拾起来，放到～里边,
1486,初级,第34课,あいます(合います) ,动1,合适，适合,
1487,初级,第34课,もどします(戻します) ,动1,放回，返还，返回,
1488,初级,第34课,ためます,动2,积攒，储存,
1489,初级,第34课,ならべます(並べます) ,动2,排列,
1490,初级,第34课,あずけます(預けます) ,动2,寄存，托付,
1491,初级,第34课,つづけます(続けます) ,动2,继续，持续,
1492,初级,第34课,やせます(痩せ～),动2,瘦,
1493,初级,第34课,ほうもんします(訪問～),动3,拜访，访问,
1494,初级,第34课,ちょきんします(貯金～) ,动3,存钱，储蓄,
1495,初级,第34课,かんげいします(歓迎～) ,动3,欢迎,
1496,初级,第34课,よういします(用意～) ,动3,准备,
1537,初级,第35课,ききます（効きます）,动1,有效，起作用,
1538,初级,第35课,いわいます（祝います）,动1,祝贺,
1539,初级,第35课,あたります（当たります）,动1,中（彩），抽中,
1540,初级,第35课,あきます（空きます）,动1,空，有空,
1541,初级,第35课,くさります（腐ります）,动1,腐烂，腐败,
1542,初级,第35课,みつけます（見つけます）,动2,找到，发现，看见,
1543,初级,第35课,はれます（晴れます）,动2,晴朗，天晴,
1544,初级,第35课,たずねます（訪ねます）,动2,访问，拜访,
1545,初级,第35课,たいざいします（滞在～）,动3,停留，滞留,
1546,初级,第35课,きゅうけいします（休憩～）,动3,休息,
1547,初级,第35课,さんかします（参加～）,动3,参加,
1548,初级,第35课,かんぱいします（乾杯～）,动3,干杯,
1575,初级,第36课,もちあるきます（持ち歩きます）,动1,携带，拿着走,
1576,初级,第36课,くりかえします（繰り返します）,动1,反复,
1577,初级,第36课,さわぎます（騒ぎます）,动1,吵嚷，吵闹,
1578,初级,第36课,まにあいます（間に合います）,动1,来得及，赶得上,
1579,初级,第36课,なきます（鳴きます）,动1,叫，鸣，啼,
1580,初级,第36课,ねむります（眠ります）,动1,睡觉,
1581,初级,第36课,なります（鳴ります）,动1,鸣响，响起,
1582,初级,第36课,よろこびます（喜びます）,动1,喜悦，高兴,
1583,初级,第36课,やくだちます（役立ちます）,动1,有用，有益,
1584,初级,第36课,やといます（雇います）,动1,雇佣,
1585,初级,第36课,なきます（泣きます）,动1,哭，哭泣,
1586,初级,第36课,ふります（振ります）,动1,挥动，摆动,
1587,初级,第36课,みえます（見えます）,动2,看到，看得见,
1588,初级,第36课,きこえます（聞こえます）,动2,听到，听得见,
1589,初级,第36课,つうじます（通じます）,动2,通过，相通,
1590,初级,第36课,あげます（揚げます）,动2,放（风筝）；扬起,
1591,初级,第36课,なれます（慣れます）,动2,习惯,
1592,初级,第36课,ぬれます（濡れます）,动2,淋湿，打湿,
1593,初级,第36课,やけます（焼けます）,动2,着火，燃烧,
1594,初级,第36课,さげます（下げます）,动2,降低，下降,
1595,初级,第36课,しっぱいします（失敗～）,动3,出岔子，失败,
1596,初级,第36课,くろうします（苦労～）,动3,辛苦，辛劳,
1597,初级,第36课,びっくりします,动3,吃惊，吓一跳,
1598,初级,第36课,しゅっせきします（出席～）,动3,出席,
1629,初级,第37课,こえます（超えます）,动2,超过,
1630,初级,第37课,しゅつじょうします（出場～）,动3,参加，出场,
1631,初级,第37课,つまみぐいします（つまみ食い～）,动3,偷吃,
1632,初级,第37课,かんさんします（換算～）,动3,换算,
1633,初级,第37课,ふくしゅうします（復習～）,动3,复习,
1634,初级,第37课,せいこうします（成功～）,动3,成功,
1669,初级,第38课,いりくみます（入り組みます）,动1,错综复杂,
1670,初级,第38课,へります（減ります）,动1,减少,
1671,初级,第38课,うごかします（動かします）,动1,开动，移动，摇动,
1672,初级,第38课,かちます（勝ちます）,动1,取胜，获胜,
1673,初级,第38课,とおりぬけます（通り抜けます）,动2,走得出去，穿过，通过,
1674,初级,第38课,かんじます（感じます）,动2,感觉，觉得,
1675,初级,第38课,とりかえます（取り替えます）,动2,更换，交换,
1676,初级,第38课,てつやします（徹夜～）,动3,熬通宵，彻夜,
1677,初级,第38课,やけどします（火傷～）,动3,烫伤，烧伤,
1715,初级,第39课,みわたします（見渡します）,动1,眺望，远眺,
1716,初级,第39课,つづきます（続きます）,动1,继续，持续,
1717,初级,第39课,なくなります,动1,完，丢失,
1718,初级,第39课,そだちます（育ちます）,动1,生长，成长,
1719,初级,第39课,ふえます（増えます）,动2,增加，增多,
1720,初级,第39课,つれます（連れます）,动2,带，领,
1721,初级,第39课,けっせきします（欠席～）,动3,缺席,
1722,初级,第39课,ゆにゅうします（輸入～）,动3,进口，输入,
1747,初级,第40课,むかいます（向かいます）,动1,往～去,
1748,初级,第40课,そろえます,动2,备齐，凑齐；使一致,
1749,初级,第40课,もれます（漏れます）,动2,漏，泄漏,
1750,初级,第40课,まとめます,动2,汇集；总结，整理,
1751,初级,第40课,かいつうします（開通～）,动3,开通,
1752,初级,第40课,かいちくします（改築～）,动3,改建,
1753,初级,第40课,かんせいします（完成～）,动3,完成,
1754,初级,第40课,にゅうしゃします（入社～）,动3,入社,
1783,初级,第41课,しかります,动1,训，责备，斥责,
1784,初级,第41课,かみます,动1,咬，嚼,
1785,初级,第41课,さそいます（誘います）,动1,邀请，约请,
1786,初级,第41课,まきこみます（巻き込みます）,动1,卷入，卷进,
1787,初级,第41课,いたります（至ります）,动1,到达，达到,
1788,初级,第41课,みつかります（見つかります）,动1,找到，发现　　　　　　　　　　　　　　　,
1789,初级,第41课,ふみます（踏みます）,动1,踩，踏,
1790,初级,第41课,はかります（図ります）,动1,谋求；考虑,
1791,初级,第41课,みこみます（見込みます）,动1,预料，估计,
1792,初级,第41课,ぬすみます（盗みます）,动1,盗取，偷盗,
1793,初级,第41课,おこします（起こします）,动1,叫醒，唤醒,
1794,初级,第41课,ほめます,动2,表扬，赞扬,
1795,初级,第41课,もとめます（求めます）,动2,要求；追求；寻求,
1796,初级,第41课,いじめます,动2,欺负，折磨，欺侮,
1797,初级,第41课,ぶつけます,动2,碰上，撞上；扔，投，掷,
1798,初级,第41课,はっけんします（発見～）,动3,发现,
1799,初级,第41课,じしょくします（辞職～）,动3,辞职,
1800,初级,第41课,そうりつします（創立～）,动3,成立，创立,
1801,初级,第41课,いらいします（依頼～）,动3,委托，请求,
1802,初级,第41课,はつばいします（発売～）,动3,上市，发售，出售,
1803,初级,第41课,かいはつします（開発～）,动3,开发,
1804,初级,第41课,せいぞうします（製造～）,动3,生产，制造,
1805,初级,第41课,かんりします（管理～）,动3,管理,
1806,初级,第41课,じつげんします（実現～）,动3,实现,
1807,初级,第41课,せんれんします（洗練～）,动3,精炼，洗练,
1808,初级,第41课,ほうそうします（放送～）,动3,广播，播送,
1809,初级,第41课,せいさんします（生産～）,动3,生产,
1810,初级,第41课,ほんやくします（翻訳～）,动3,翻译，笔译,
1811,初级,第41课,はつめいします（発明～）,动3,发明,
1841,初级,第42课,あずかります（預かります）,动1,保管，收存,
1842,初级,第42课,きづきます（気づきます）,动1,发觉，发现,
1843,初级,第42课,ひやします（冷やします）,动1,冰镇，冷却,
1844,初级,第42课,おもいだします（思い出します）,动1,想起，想出,
1845,初级,第42课,つげます（告げます）,动2,说，告诉,
1846,初级,第42课,ひえます（冷えます）,动2,变冷；感觉凉,
1847,初级,第42课,しんじます（信じます）,动2,相信，信任,
1848,初级,第42课,おれます（折れます）,动2,折，断；拐弯,
1849,初级,第42课,しゅっきんします（出勤～）,动3,上班，出勤,
1850,初级,第42课,セットします,动3,设定，设置,
1851,初级,第42课,けんとうします（検討～）,动3,讨论,
1895,初级,第43课,ひっぱります（引っ張ります）,动1,拉，拽,
1896,初级,第43课,うかびます（浮かびます）,动1,想起，浮，浮现,
1897,初级,第43课,ととのいます（整います）,动1,齐备，完备,
1898,初级,第43课,かわきます（乾きます）,动1,干，干燥,
1899,初级,第43课,くらします（暮らします）,动1,生活,
1900,初级,第43课,さけます（避けます）,动2,回避，避免,
1901,初级,第43课,うれます（売れます）,动2,好卖，畅销,
1902,初级,第43课,うけます（受けます）,动2,感受，受到,
1903,初级,第43课,あたためます（温めます）,动2,热，温,
1904,初级,第43课,りかいします（理解～）,动3,理解,
1905,初级,第43课,ていあんします（提案～）,动3,建议，提案,
1906,初级,第43课,しさくします（試作～）,动3,试作，试制,
1907,初级,第43课,けいけんします（経験～）,动3,经验，经历,
1908,初级,第43课,あんきします（暗記～）,动3,熟记，背诵,
1909,初级,第43课,そうたいします（早退～）,动3,早退,
1910,初级,第43课,きゅうしょくします（休職～）,动3,（暂时）停职,
1969,初级,第44课,ひろがります（広がります）,动1,蔓延，拓宽,
1970,初级,第44课,もどります（戻ります）,动1,返回，回到,
1971,初级,第44课,おどろきます（驚きます）,动1,惊讶，吃惊,
1972,初级,第44课,しゃれます,动2,别致，风趣；打扮得漂亮,
1973,初级,第44课,じっかんします（実感～）,动3,切实感受，真切感受,
2021,初级,第45课,すすみます（進みます）,动1,加重，前进,
2022,初级,第45课,みがきます（磨きます）,动1,刷，擦,
2023,初级,第45课,くもります（曇ります）,动1,天阴,
2024,初级,第45课,にます（似ます）,动2,像，相似,
2025,初级,第45课,ライトアップします,动3,景观照明,
2026,初级,第45课,ふきゅうします（普及～）,动3,普及,
2027,初级,第45课,あまやどりします（雨宿り～）,动3,避雨,
2070,初级,第46课,すみます（済みます）,动1,结束，完了,
2071,初级,第46课,つもります（積もります）,动1,堆积；积攒,
2072,初级,第46课,すごします（過ごします）,动1,度过；生活,
2073,初级,第46课,ほほえみます,动1,微笑,
2074,初级,第46课,のばします（延ばします）,动1,延长,
2075,初级,第46课,すませます（済ませます）,动2,搞完，办完,
2076,初级,第46课,かれます（枯れます）,动2,枯萎；干燥,
2077,初级,第46课,はっそうします（発送～）,动3,发送，寄送,
2078,初级,第46课,きんちょうします（緊張～）,动3,紧张,
2090,初级,第47课,めしあがります（召し上がります）,动1,（尊他）吃，喝,
2091,初级,第47课,ごらんになります（ご覧になります）,动1,（尊他）看，读,
2092,初级,第47课,おっしゃいます,动1,（尊他）说，讲,
2093,初级,第47课,いらっしゃいます,动1,（尊他）去，来，在,
2094,初级,第47课,おいでになります,动1,（尊他）去，来，在,
2095,初级,第47课,なさいます,动1,（尊他）做，干,
2096,初级,第47课,くださいます,动1,（尊他）给,
2097,初级,第47课,チェックインします,动3,办理入住手续,
2098,初级,第47课,ちょっこうします（直行～）,动3,直接去，直达,
2120,初级,第48课,うかがいます（伺います）,动1,（自谦）去；来；问；拜访；请教,
2121,初级,第48课,いたします,动1,（自谦）做，干,
2122,初级,第48课,まいります（参ります）,动1,（自谦）来，去,
2123,初级,第48课,いただきます,动1,（自谦）吃，喝；得到,
2124,初级,第48课,おります,动1,在,
2125,初级,第48课,ございます,动1,在，有，是,
2126,初级,第48课,さしあげます（差し上げます）,动2,（自谦）给,
2127,初级,第48课,ぞんじています（存じています）,动2,（自谦）知道,
2128,初级,第48课,すすめます（進めます）,动2,推进，使前进,
2129,初级,第48课,はいけんします（拝見～）,动3,（自谦）看,
2130,初级,第48课,しょうちします（承知～）,动3,知道,
2131,初级,第48课,きたいします（期待～）,动3,希望，期待,
2132,初级,第48课,せわします（世話～）,动3,帮助；照顾,
2145,中级,第1课,たすかる（助かる）,动1, 获得帮助；得救,
2149,中级,第1课,ついていく ,动1, 跟上，跟上去,
2168,中级,第1课,なめる ,动2, 舔，含,
2176,中级,第1课,ひろげる（広げる）,动2, 展开，扩大，扩展,
2177,中级,第1课,わく（沸く）,动1, 沸腾，烧开,
2178,中级,第1课,わかす（沸かす）,动1, 烧热，烧开,
2180,中级,第1课,かわかす（乾かす）,动1, 弄干，晾干,
2204,中级,第1课,のびる（延びる）,动2, 延伸，延长,
2206,中级,第1课,けいえいする（経営～）,动3, 经营,
2212,中级,第1课,あらわす（表す）,动1, 表示，表现，表达,
2232,中级,第1课,いためる（炒める）,动2, 炒,
2237,中级,第1课,おとずれる（訪れる）,动2, 到来，来临，访问,
2238,中级,第1课,そだてる（育てる）,动2, 养育 ，抚育，培育,
2257,中级,第1课,けんせつする（建設～）,动3, 修建，建设,
2258,中级,第1课,のぼる（上る）,动1, 上，登；进京,
2259,中级,第1课,くだる（下る）,动1, 下，下去；到地方去,
2270,中级,第1课,とく（溶く）,动1, 调拌，调开，溶解,
2272,中级,第1课,すぐれる（優れる）,动2, 优秀，卓越,
2275,中级,第1课,ながれる（流れる）,动2, 流，流动，流淌,
2287,中级,第1课,ちゅうもくする（注目～）,动3, 注目，注视,
2303,中级,第2课,こおる（凍る）,动1, 结冰，结冻,
2324,中级,第2课,かたむける（傾ける）,动2, 倾，倾斜；倾注,
2327,中级,第2课,まげる（曲げる）,动2, 弄弯，歪曲,
2330,中级,第2课,うけとる（受け取る）,动1, 接，接收，接受,
2340,中级,第2课,あたえる（与える）,动2, 给，给予，给与,
2341,中级,第2课,こもる ,动1, 充满，包含,
2343,中级,第2课,つたわる（伝わる）,动1, 传，传达；传播，流传,
2355,中级,第2课,かくにんする（確認～）,动3, 确认，核实,
2357,中级,第2课,はなれる（離れる）,动2, 相隔，距离；分离，离开,
2359,中级,第2课,ゆずる（譲る）,动1, 让，让给；转让,
2360,中级,第2课,およぶ（及ぶ）,动1, 达，及,
2362,中级,第2课,あきれる ,动2, 惊愕，愕然，目瞪口呆,
2369,中级,第2课,こめる ,动2, 饱含，包括，包含；集中,
2370,中级,第2课,たつ（経つ）,动1, （时间）过，流逝，消逝,
2380,中级,第2课,しめす（示す）,动1, 表现出，表示；出示,
2388,中级,第2课,つきあう（付き合う）,动1, 交往，来往,
2389,中级,第2课,なまける（怠ける）,动2, 懒惰，懈怠,
2393,中级,第3课,ふくめる（含める）,动2," 包括,含有,包含",
2401,中级,第3课,くわわる（加わる）,动1," 参加,加,添加,增添",
2419,中级,第3课,そんちょうする（尊重～）,动3, 尊重,
2420,中级,第3课,ふにんする（赴任～）,动3, 赴任，上任,
2463,中级,第3课,さす（指す）,动1, 指，指示,
2474,中级,第3课,かんけいする（関係～）,动3, 有关系，关系，关联,
2494,中级,第3课,へいてんする（閉店～）,动3, （商店）关门,
2499,中级,第3课,あきらめる ,动2, 放弃，断念，死心,
2501,中级,第3课,むしする（無視～）,动3, 忽视，无视,
2504,中级,第3课,うわまわる（上回る）,动1, 超过，超出,
2505,中级,第3课,したまわる（下回る）,动1, 不够……水平，在……以下,
2507,中级,第3课,なくなる（亡くなる）,动1, 去世，死亡,
2517,中级,第3课,はってんする（発展～）,动3, 发展；扩展,
2520,中级,第3课,ためす（試す）,动1, 试；尝试；试验,
2530,中级,第3课,とける（溶ける）,动2, 融化；消融；溶化；熔化,
2533,中级,第3课,がくしゅうする（学習～）,动3, 学习,
2539,中级,第4课,すいせんする（推薦～）,动3, 推荐,
2552,中级,第4课,しんがくする（進学～）,动3, 升学,
2554,中级,第4课,しずむ（沈む）,动1, 落山；沉没；消沉,
2557,中级,第4课,しんにゅうする（侵入～）,动3, 闯入，侵入,
2563,中级,第4课,がっかりする ,动3, 失望，灰心丧气,
2567,中级,第4课,できあがる（でき上がる）,动1, 做好，完成,
2580,中级,第4课,どうにゅうする（導入～）,动1, 引进，引入，导入,
2582,中级,第4课,へらす（減らす）,动1, 减少，减轻,
2584,中级,第4课,じっしする（実施～）,动3, 实施，施行,
2593,中级,第4课,もうける（設ける）,动2, 制定，设置，设立,
2596,中级,第4课,える（得る）,动2, 得到，取得,
2599,中级,第4课,くらべる（比べる）,动2, 相比，比较，对比,
2600,中级,第4课,おう（追う）,动1, 追，赶；催逼,
2608,中级,第4课,れんそうする（連想～）,动3, 联想,
2611,中级,第4课,あつかう（扱う）,动1, 经营；对待，处理,
2612,中级,第4课,ぞうかする（増加～）,动3, 增加,
2618,中级,第4课,たもつ（保つ）,动1, 保持，维持；保，保住,
2619,中级,第4课,くずれる（崩れる）,动2, 崩溃，毁坏,
2620,中级,第4课,うしなう（失う）,动1, 失去，丧失,
2642,中级,第4课,かいめいする（解明～）,动3, 弄清楚，讲清楚，阐明,
2644,中级,第4课,かいふくする（回復～）,动3, 恢复；康复,
2645,中级,第4课,せまる（迫る）,动1, 接近，迫近，临近,
2656,中级,第5课,じゅしょうする（受賞～）,动3, 获奖，得奖,
2684,中级,第5课,のこす（残す）,动1, 留下，剩下,
2686,中级,第5课,かいけつする（解決～）,动3, 解决,
2688,中级,第5课,ゆらいする（由来～）,动3, 来源于，由来,
2695,中级,第5课,おさめる（納める）,动2, 缴纳，交纳；结束，完毕,
2704,中级,第5课,のびる（伸びる）,动2, 增加，扩大；伸展，变长,
2715,中级,第5课,ぶんるいする（分類～）,动3, 划分，分类,
2720,中级,第5课,わける（分ける）,动2, 分，分开，分解,
2722,中级,第5课,とりいれる（取り入れる）,动2, 引进，引入，采用,
2724,中级,第5课,もとづく（基づく）,动1, 依据，根据，基于,
2729,中级,第5课,くみあわせる（組み合わせる）,动2, 组合，编到一起,
2735,中级,第5课,にる（煮る）,动2, 煮，炖，熬，煨，焖,
2741,中级,第5课,しく（敷く）,动1, 铺，垫,
2745,中级,第5课,はんだんする（判断～）,动3, 判断,
2760,中级,第5课,はっせいする（発生～）,动3, 发生,
2773,中级,第5课,かんどうする（感動～）,动3, 感动,
2774,中级,第5课,かつやくする（活躍～）,动3, 大显身手，活跃,
2777,中级,第5课,せんこうする（専攻～）,动3, 专攻，专修,
2779,中级,第5课,きんむする（勤務～）,动3, 工作，上班,
2793,中级,第6课,しんらいする（信頼～）,动3, 信赖，相信,
2795,中级,第6课,ながびく（長引く）,动1, 拖延，拖长,
2811,中级,第6课,はやる ,动1, 流行，时髦,
2812,中级,第6课,おしゃれする ,动3, 打扮，修饰,
2816,中级,第6课,いきのこる（生き残る）,动1, 幸存，保住性命,
2819,中级,第6课,たおれる（倒れる）,动2, 病倒；倒下；倒塌；倒闭,
2826,中级,第6课,かいこする（解雇～）,动3, 解雇,
2841,中级,第6课,もちあげる（持ち上げる）,动2, 端起，拿起，举起,
2853,中级,第6课,とがる ,动1, 尖，尖细；紧张；发怒,
2855,中级,第6课,ぬる（塗る）,动1, 涂，擦，抹,
2889,中级,第6课,おくる（贈る）,动1, 赠送，授予,
2906,中级,第6课,ちょうせいする（調整～）,动3, 调节，调整,
2921,中级,第6课,たてる（立てる）,动2, 弄响，扬起；立，竖；制定,
2930,中级,第7课,ぼしゅうする（募集～）,动3, 征集，募集，招募,
2938,中级,第7课,とりあげる（取り上げる）,动2, 报道；采纳；拿起,
2951,中级,第7课,えんきする（延期～）,动3, 延期,
2955,中级,第7课,はったつする（発達～）,动3, 发达,
2960,中级,第7课,てんこうする（転校～）,动3, 转校，转学,
2990,中级,第7课,かいぎょうする（改行～）,动3, 换行,
2991,中级,第7课,あける ,动2, 空开，空出,
3012,中级,第7课,くわえる（加える）,动2, 加入，加上，增加,
3025,中级,第7课,ちょうせんする（挑戦～）,动3, 挑战,
3026,中级,第7课,ちかづく（近づく）,动1, 临近，接近，靠近,
3030,中级,第7课,せっちする（設置～）,动3, 设置，安装；设立,
3032,中级,第7课,たまる ,动1, 积攒，积存,
3034,中级,第7课,えんそうする（演奏～）,动3, 演奏,
3040,中级,第8课,しぼる（絞る）,动1, 集中；榨，挤,
3043,中级,第8课,さぐる（探る）,动1, 探访；探寻；试探,
3055,中级,第8课,そうきんする（送金～）,动3, 寄钱，汇款,
3065,中级,第8课,こうさいする（交際～）,动3, 交往，交际,
3075,中级,第8课,はなしあう（話し合う）,动1, 谈，谈话；商量，讨论,
3077,中级,第8课,はりきる（張り切る）,动1, 干劲十足，紧张；绷紧,
3078,中级,第8课,しょうたいする（招待～）,动3, 招待,
3079,中级,第8课,かいさいする（開催～）,动3, 开，召开，举办,
3087,中级,第8课,そそぐ（注ぐ）,动1, 加入，注入,
3093,中级,第8课,ししょくする（試食～）,动3, 品尝，试餐,
3098,中级,第8课,くだく（砕く）,动1, 掰碎，弄碎，打碎,
3099,中级,第8课,かわる（代わる）,动1, 代替,
3100,中级,第8课,はんばいする（販売～）,动3, 销售，出售,
3101,中级,第8课,かくしんする（確信～）,动3, 坚信，确信,
3104,中级,第8课,さいようする（採用～）,动3, 采用，采纳,
3105,中级,第8课,すべりおちる（滑り落ちる）,动2, 滑落，滑下,
3111,中级,第8课,もうける（儲ける）,动2, 赚钱，发财,
3115,中级,第8课,あう（遭う）,动1, 遭遇，碰上,
3120,中级,第8课,とびだす（飛び出す）,动1, 跳出，跑出；飞起,
3122,中级,第8课,ちかよる（近寄る）,动1, 挨近，靠近,
3123,中级,第8课,うつ（打つ）,动1, 敲，打,
3129,中级,第8课,まとまる ,动1, 一致；归纳；凑齐,
3135,中级,第8课,とかす（溶かす）,动1, 溶解，溶化,
3137,中级,第8课,うつす（写す）,动1, 拍照；描写；抄写,
3144,中级,第8课,はっしゃする（発射～）,动3, 发射,
3147,中级,第8课,かたよる（偏る）,动1, 不平衡；偏颇，偏袒,
3148,中级,第8课,はなしかける（話しかける）,动2, 搭话，打招呼,
3164,中级,第9课,やぶれる（破れる）,动2, 破，撕破,
3165,中级,第9课,やぶく（破く）,动1, 弄破,
3172,中级,第9课,よびだす （呼び出す）,动1, 呼叫，叫出,
3173,中级,第9课,ことづける ,动2, 带口信，捎话，传话,
3183,中级,第9课,もうしこむ（申し込む）,动1, 预约；提出；申请,
3205,中级,第9课,よびかける（呼びかける）,动2, 招呼，呼唤,
3206,中级,第9课,だまる（黙る）,动1, 不说话，不出声，沉默,
3213,中级,第9课,うまる（埋まる）,动1, 埋上，埋藏,
3220,中级,第9课,あいつうじる（相通じる）,动2, 相通,
3229,中级,第9课,しゅうりょうする（終了～）,动3, 结束，终了,
3238,中级,第9课,プロポーズする ,动3, 求婚,
3249,中级,第9课,このむ（好む）,动1, 喜欢，爱好,
3250,中级,第9课,あいつうずる（相通～）,动3, 相通,
3254,中级,第9课,おえる（終える）,动2, 做完，完成，结束,
3255,中级,第9课,へいかいする（閉会～）,动3, 闭会，散会；闭幕,
3267,中级,第9课,めだつ（目立つ）,动1, 显眼，显著，引人注目,
3288,中级,第10课,せいそうする（清掃～）,动3, 清扫，扫除,
3289,中级,第10课,くむ（組む）,动1, 计划，安排，编制，编排,
3292,中级,第10课,らいしゃする（来社～）,动3, 来（我）公司,
3293,中级,第10课,きょうりょくする（協力～）,动3, 合作，协作，配合,
3295,中级,第10课,しちゃくする（試着～）,动3, 试穿,
3301,中级,第10课,あいずする（合図～）,动3, 发信号，递暗号,
3303,中级,第10课,とく（解く）,动1, 解，解答，解明,
3313,中级,第10课,わきでる（湧き出る）,动2, 喷涌，喷出，涌出,
3315,中级,第10课,ふくむ（含む）,动1, 包含，含有,
3317,中级,第10课,にごる（濁る）,动1, 混浊，污浊,
3322,中级,第10课,かえる（変える）,动2, 换，改变,
3325,中级,第10课,つかる ,动1, 浸泡，泡澡,
3326,中级,第10课,リラックスする ,动3, 放松，松弛；轻松,
3327,中级,第10课,しゅくはくする（宿泊～）,动3, 住宿，投宿,
3337,中级,第10课,たのしむ（楽しむ）,动1, 享受，欣赏,
3348,中级,第10课,ながす（流す）,动1, 冲走，冲刷,
3356,中级,第10课,いやす ,动1, 医治，治疗,
3362,中级,第10课,よぼうする（予防～）,动3, 预防,
3363,中级,第10课,たてなおす（立て直す）,动1, 重整，重建,
3364,中级,第10课,いじする（維持～）,动3, 维持，保持,
3377,中级,第11课,こうかいする（公開～）,动3, 公映，公开，开映；开放,
3381,中级,第11课,しゅえんする（主演～）,动3, 主演,
3383,中级,第11课,ひょうかする（評価～）,动3, 评价,
3384,中级,第11课,たかまる（高まる）,动1, 高涨，提高,
3387,中级,第11课,くべつする（区別～）,动3, 区分，区别,
3388,中级,第11课,うけいれる（受け入れる）,动2, 接受，采纳,
3390,中级,第11课,つかむ ,动1, 抓住，掌握住,
3393,中级,第11课,ていきょうする（提供～）,动3, 提供,
3403,中级,第11课,ぬく（抜く）,动1, 超过，超出,
3405,中级,第11课,ヒットする ,动3, 非常畅销，大受欢迎,
3407,中级,第11课,たかめる（高める）,动2, 提高，抬高,
3408,中级,第11课,ひろまる（広まる）,动1, 扩大；传播，遍及,
3409,中级,第11课,ひろめる（広める）,动2, 推广；扩大,
3410,中级,第11课,つよまる（強まる）,动1, 强烈起来，强硬起来,
3411,中级,第11课,つよめる（強める）,动2, 加强，增强,
3412,中级,第11课,よわまる（弱まる）,动1, 变弱，衰弱,
3413,中级,第11课,よわめる（弱める）,动2, 弱化，减弱,
3414,中级,第11课,ふかまる（深まる）,动1, 加深，变深,
3418,中级,第11课,うすめる（薄める）,动2, 冲淡；稀释；淡化,
3423,中级,第11课,とおす ,动1, 通过；穿过，穿通,
3427,中级,第11课,ていかする（低下～）,动3, 下降，降低,
3437,中级,第11课,うりきれる（売り切れる）,动2, 卖完，售罄,
3438,中级,第11课,たいしょくする（退職～）,动3, 辞职,
3445,中级,第11课,かんする（関～）,动3, 关于，有关,
3454,中级,第11课,うみだす（生み出す）,动1, 诞生，创作出，产生,
3457,中级,第11课,かくとくする（獲得～）,动3, 获得,
3462,中级,第11课,とうじょうする（登場～）,动3, 登场，出场,
3477,中级,第11课,おいかける（追いかける）,动2, 追赶；紧接着，紧跟着,
3480,中级,第11课,むける（向ける）,动2, 向，朝，对,
3481,中级,第11课,むく（向く）,动1, 向，朝；适合，对路,
3492,中级,第11课,うらぎる（裏切る）,动1, 背叛，违背,
3494,中级,第11课,みかける（見かける）,动2, 看到，看见,
3508,中级,第11课,あげる（上げる）,动2, 提高，抬高,
3515,中级,第11课,はいふする（配布～）,动3, 发，分发，散发,
3516,中级,第11课,せいぞんする（生存～）,动3, 生存,
3528,中级,第12课,どうこうする（同行～）,动3, 同行，一起去,
3545,中级,第12课,さくせいする（作成～）,动3, 写，作，制作,
3546,中级,第12课,ひろうする（披露～）,动3, 宣布，公布，公开,
3547,中级,第12课,へんこうする（変更～）,动3, 改变，变更，更改,
3560,中级,第12课,ことわる（断る）,动1, 拒绝，谢绝；预先通知,
3562,中级,第12课,ふそくする（不足～）,动3, 不足，不够，短缺,
3567,中级,第12课,ことなる（異なる）,动1, 不一样，不同,
3572,中级,第12课,なげる（投げる）,动2, 投，扔，掷,
3573,中级,第12课,かいしゃくする（解釈～）,动3, 解释，说明,
3574,中级,第12课,なげかえす（投げ返す）,动1, 扔回去，投回去,
3575,中级,第12课,ほかんする（保管～）,动3, 保管，管理,
3576,中级,第12课,ききまちがえる（聞き間違える）,动2, 听错 ，误听,
3577,中级,第12课,しんとうする（浸透～）,动3, 渗透，渗入,
3582,中级,第12课,どくりつする（独立～）,动3, 独立,
3583,中级,第12课,のべる（述べる）,动2, 陈述，叙述，说明,
3594,中级,第12课,こうかいする（後悔～）,动3, 后悔,
3595,中级,第12课,かきまちがえる（書き間違える）,动2, 写错,
3596,中级,第12课,いいまちがえる（言い間違える）,动2, 说错,
3597,中级,第12课,いいかえす（言い返す）,动1, 顶嘴；反复说,
3598,中级,第12课,ききかえす（聞き返す）,动1, 反问；反复问,
3599,中级,第12课,おもいかえす（思い返す）,动1, 回想，反省；再考虑一番，重新考虑,
3614,中级,第12课,とうろくする（登録～）,动3, 登记，注册,
3617,中级,第12课,しはらう（支払う）,动1, 支付，付款,
3618,中级,第12课,とりけす（取り消す）,动1, 取消，作废，撤消,
3619,中级,第12课,まちあわせる（待ち合わせる）,动2, 约会，碰头,
3623,中级,第13课,あらたまる（改まる）,动1, 郑重其事，庄重,
3627,中级,第13课,ひきうける（引き受ける）,动2, 答应，接受；承担,
3630,中级,第13课,であう（出会う）,动1, 遇见，碰上,
3638,中级,第13课,よう（酔う）,动1, 醉，喝醉,
3644,中级,第13课,でんごんする（伝言～）,动3, 带口信,
3646,中级,第13课,しゅっぱんする（出版～）,动3, 出版,
3652,中级,第13课,げんしょうする（減少～）,动3, 减少,
3658,中级,第13课,たいする（対する）,动3, 对，对于,
3660,中级,第13课,ひかえる（控える）,动2, 抑制，控制，节制,
3662,中级,第13课,つながる ,动1, 牵涉；连接；排列,
3676,中级,第13课,たどる ,动1, 发展；走向；追溯,
3680,中级,第13课,かいぜんする（改善～）,动3, 改善,
3681,中级,第13课,のばす（伸ばす）,动1, 留（头发），拉长，延长,
3690,中级,第13课,うったえる（訴える）,动2, 申诉，诉说，呼吁,
3691,中级,第13课,えんじょする（援助～）,动3, 帮助，援助，支持,
3727,中级,第14课,つとめる（勤める）,动2, 工作，做事,
3765,中级,第14课,とう（問う）,动1, 问，打听,
3773,中级,第14课,せんたくする（選択～）,动3, 选择,
3775,中级,第14课,とっぱする（突破～）,动3, 突破，冲破,
3783,中级,第14课,あせる（焦る）,动1, 焦急，急躁，着急,
3784,中级,第14课,じょうきょうする（上京～）,动3, 到东京去，进京,
3803,中级,第14课,かくれる（隠れる）,动2, 躲藏，隐藏,
3808,中级,第14课,じゅうしする（重視～）,动3, 重视,
3822,中级,第15课,あたたまる（温まる）,动1, 暖和，温暖,
3839,中级,第15课,おごる ,动1, 请客，做东；奢华,
3859,中级,第15课,かきなおす（書き直す）,动1, 改写，重新写；誊写,
3869,中级,第15课,ちょうりする（調理～）,动3, 烹饪，调理,
3870,中级,第15课,のせる（載せる）,动2, 放，搁；载，登载,
3883,中级,第15课,ちゃくせきする（着席～）,动3, 就座，入座，就席,
3889,中级,第15课,たいほする（逮捕～）,动3, 逮捕,
3890,中级,第15课,しようする（使用～）,动3, 使用,
3893,中级,第15课,しんだんする（診断～）,动3, 诊断；判断,
3901,中级,第15课,かくす（隠す）,动1, 隐藏，隐蔽,
3918,中级,第15课,なる ,动1, 结（果实）,
3919,中级,第15课,おこる（起こる）,动1, 发生，引起,
3930,中级,第16课,いのる（祈る）,动1, 祝愿，祈求,
3936,中级,第16课,きれる（切れる）,动2, 断绝关系；断开，中断,
3937,中级,第16课,わかれる（別れる）,动2, 分手，离别,
3939,中级,第16课,まねく（招く）,动1, 邀请，招待，款待,
3940,中级,第16课,たすけあう（助け合う）,动1, 互相帮助，互助,
3942,中级,第16课,あたためる（暖める）,动2, 弄暖和；加热，加温,
3958,中级,第16课,かぎる（限る）,动1, 限于，只限；限定，限制,
3960,中级,第16课,きょしきする（挙式～）,动3, 举行（结婚）仪式,
3965,中级,第16课,しめる（占める）,动2, 占，占据；占领,
3970,中级,第16课,つとめる（務める）,动2, 担任；当，扮演,
3980,中级,第16课,いどうする（移動～）,动3, 移动,
3998,中级,第16课,しじする（支持～）,动3, 支持,
4008,中级,第17课,うりこむ（売り込む）,动1, 销售，促销，推销,
4010,中级,第17课,しいんする（試飲～）,动3, 试饮,
4026,中级,第17课,とびこむ（飛び込む）,动1, 跳入，跳进,
4027,中级,第17课,ほうる（放る）,动1, 抛，扔；放弃，弃之不顾,
4028,中级,第17课,なげこむ（投げ込む）,动1, 投进，投入，扔进,
4029,中级,第17课,ほうりこむ（放り込む）,动1, 扔进，投入,
4030,中级,第17课,もちこむ（持ち込む）,动1, 带入，带进,
4031,中级,第17课,ながれこむ（流れ込む）,动1, 流入，流进,
4032,中级,第17课,もぐりこむ（潜り込む）,动1, 潜入，钻入；躲入,
4033,中级,第17课,おちこむ（落ち込む）,动1, 掉进，掉入,
4042,中级,第17课,みなおす（見直す）,动1, 重看，重新审视，另眼相看,
4054,中级,第17课,そんざいする（存在～）,动3, 存在,
4055,中级,第17课,さかのぼる ,动1, 追溯，上溯,
4060,中级,第17课,とりかこむ（取り囲む）,动1, 围绕，包围，围拢,
4070,中级,第17课,とぐ（研ぐ）,动1, 磨快；磨光亮；淘,
4077,中级,第17课,かいぞうする（改造～）,动3, 改造，改建，改组,
4080,中级,第17课,つなぐ ,动1, 连接，拴，系,
4083,中级,第17课,していする（指定～）,动3, 指定,
4084,中级,第17课,ほぞんする（保存～）,动3, 保存,
4085,中级,第17课,こんざいする（混在～）,动3, 并存，混在一起,
4094,中级,第17课,みあげる（見上げる）,动2, 仰望，往上看,
4103,中级,第17课,おうぼする（応募～）,动3, 报名参加，应征；应募,
4107,中级,第17课,ほる（彫る）,动1, 雕刻，雕，刻,
4109,中级,第17课,つかまる（捕まる）,动1, 抓住，逮捕,
4111,中级,第17课,じさつする（自殺～）,动3, 自杀,
4122,中级,第17课,うえる（植える）,动2, 种，植，栽,
4126,中级,第17课,かかす（欠かす）,动1, 缺，缺少,
4135,中级,第17课,きふする（寄付～）,动3, 捐助，捐赠,
4139,中级,第17课,にゅうしょうする（入賞～）,动3, 获奖，得奖,
4142,中级,第17课,そう（沿う）,动1, 沿，顺,
4181,中级,第18课,さいせんする（再選～）,动3, 再选，重选,
4189,中级,第18课,けいさいする（掲載～）,动3, 登载，刊登,
4199,中级,第18课,ぞんずる（存～）,动3, 打算，想；知道，认识,
4201,中级,第18课,ゆるす（許す）,动1, 原谅，宽恕；允许，容许,
4214,中级,第18课,せいきゅうする（請求～）,动3, 索要，请求，要求，索取,
4216,中级,第18课,そうふする（送付～）,动3, 寄送，发送，寄出,
4220,中级,第18课,といあわせる（問い合わせる）,动2, 询问，问，打听,
4254,中级,第18课,がっぺいする（合併～）,动3, 合并,
4261,中级,第18课,こえる（越える）,动2, 越过，翻过,
4262,中级,第18课,メモする ,动3, 做记录，做笔记,
4275,中级,第18课,ねがう（願う）,动1, 请求，要求，拜托,
4299,中级,第19课,とおまわりする（遠回り～）,动3, 绕道，绕远,
4301,中级,第19课,なやむ（悩む）,动1, 烦恼，苦恼,
4305,中级,第19课,ぜっこうする（絶交～）,动3, 绝交,
4306,中级,第19课,はんせいする（反省～）,动3, 反省，反思,
4307,中级,第19课,かんりょうする（完了～）,动3, 完成，完毕,
4308,中级,第19课,りゅうねんする（留年～）,动3, 留级,
4313,中级,第19课,てりつける（照りつける）,动2, 暴晒，毒晒,
4317,中级,第19课,やりなおす（やり直す）,动1, 重做,
4318,中级,第19课,しあげる（仕上げる）,动2, 完成，做成,
4337,中级,第19课,しょりする（処理～）,动3, 处理，解决,
4338,中级,第19课,つめる（詰める）,动2, 装到，装满，填满；挤紧,
4348,中级,第19课,とりのぞく（取り除く）,动1, 去除，除去,
4352,中级,第19课,ともなう（伴う）,动1, 随着，伴随；跟随；符合,
4356,中级,第19课,つうかする（通過～）,动3, 通过,
4358,中级,第19课,しみこむ（染み込む）,动1, 渗进，渗透，浸入,
4371,中级,第19课,かけつする（可決～）,动3, 通过,
4375,中级,第19课,きょうちょうする（強調～）,动3, 重视，强调,
4381,中级,第19课,めざす（目指す）,动1, 向着，朝着,
4387,中级,第19课,けいぞくする（継続～）,动3, 继续,
4391,中级,第19课,たよる（頼る）,动1, 依靠，依赖,
4403,中级,第19课,みとめる（認める）,动2, 承认，认可,
4404,中级,第19课,ふっきゅうする（復旧～）,动3, 复旧,
4410,中级,第19课,きにゅうする（記入～）,动3, 写入，填写,
4415,中级,第19课,たんしゅくする（短縮～）,动3, 缩短,
4433,中级,第20课,かいやくする（解約～）,动3, 解约，解除合同，废约,
4434,中级,第20课,くじける ,动2, 气馁，消沉，颓丧；扭，挫伤,
4447,中级,第20课,ひく ,动1, 撞，轧,
4451,中级,第20课,さいてんする（採点～）,动3, 打分，判分，判卷,
4455,中级,第20课,ぜんしんする（前進～）,动3, 进展，前进,
4456,中级,第20课,はっしゃする（発車～）,动3, 发车，开车,
4457,中级,第20课,きゅうていしゃする（急停車～）,动3, 紧急停车,
4459,中级,第20课,くしんする（苦心～）,动3, 苦心，费心,
4460,中级,第20课,たちあがる（立ち上がる）,动1, 站起来,
4463,中级,第20课,ついかする（追加～）,动3, 追加,
4473,中级,第20课,よっぱらう（酔っ払う）,动1, 醉酒,
4475,中级,第20课,しゅっしゃする（出社～）,动3, 上班,
4487,中级,第20课,たたかう（戦う）,动1, 战斗，斗争,
4493,中级,第20课,せいていする（制定～）,动3, 制定,
4501,中级,第20课,かいしょうする（解消～）,动3, 缓解，解除，取消，消灭,
4504,中级,第20课,あいこうする（愛好～）,动3, 爱好,
4506,中级,第20课,すいしんする（推進～）,动3, 推广，促进，推进,
4507,中级,第20课,やくだてる（役立てる）,动2, 使起作用，供使用,
4513,中级,第20课,かかわる（関わる）,动1, 相关，关联,
4516,中级,第20课,けいげんする（軽減～）,动3, 减轻,
4521,中级,第20课,はたす（果たす）,动1, 完成，实现，实行,
4536,中级,第20课,うなずく ,动1, 点头,
4540,中级,第20课,まちがう（間違う）,动1, 错误，做错,
4543,中级,第20课,のりこえる（乗り越える）,动2, 渡过；跨过；越过,
4553,中级,第20课,さえぎる（遮る）,动1, 阻挡，遮挡，遮住，挡住,
4558,中级,第20课,あいようする（愛用～）,动3, 爱用，喜欢用,
4569,中级,第20课,ばいぞうする（倍増～）,动3, 倍增,
4572,中级,第20课,こんざつする（混雑～）,动3, 混乱，杂乱，拥挤,
4588,中级,第21课,じゅくせいする（熟成～）,动3, 发酵，陈年，成熟,
4593,中级,第21课,あわせる（合わせる）,动2, 总共，合计，合并；配合,
4596,中级,第21课,サービスする ,动3, 附带奉送，廉价出售,
4608,中级,第21课,あまる（余る）,动1, 剩余，剩下；过分,
4611,中级,第21课,めくれる ,动2, 打卷儿，卷缩,
4616,中级,第21课,はんしょくする（繁殖～）,动3, 繁殖,
4617,中级,第21课,かがやく（輝く）,动1, 闪亮，放光，辉耀,
4627,中级,第21课,あじわう（味わう）,动1, 品味，品尝,
4629,中级,第21课,せいりつする（成立～）,动3, 成立，完成,
4644,中级,第21课,はっこうする（発酵～）,动3, 发酵,
4646,中级,第21课,かんそうする（乾燥～）,动3, 晾干，晒干，干燥,
4653,中级,第21课,べんしょうする（弁償～）,动3, 赔，赔偿,
4661,中级,第21课,やわらげる（和らげる）,动2, 使柔和，使缓和,
4665,中级,第21课,さいばいする（栽培～）,动3, 栽培,
4687,中级,第21课,もちいる（用いる）,动2, 使用，用,
4696,中级,第21课,まなぶ（学ぶ）,动1, 学习，模仿,
4697,中级,第21课,しんこうする（信仰～）,动3, 信仰,
4700,中级,第21课,とういつする（統一～）,动3, 统一,
4705,中级,第21课,せんねんする（専念～）,动3, 专心，专心致志,
4715,中级,第21课,がまんする（我慢～）,动3, 忍耐,
4716,中级,第21课,つうようする（通用～）,动3, 通用，兼用,
4727,中级,第21课,ささげる（捧げる）,动2, 奉献，贡献,
4728,中级,第21课,してきする（指摘～）,动3, 指出,
4733,中级,第22课,うけたまわる（承る）,动1, 知道，敬悉,
4738,中级,第22课,はずす（外す）,动1, 不在，离开；摘下，去除,
4739,中级,第22课,おりかえす（折り返す）,动1, 折回，返回,
4768,中级,第22课,じゅうじつする（充実～）,动3, 充实,
4769,中级,第22课,まんさいする（満載～）,动3, 满载，装满,
4779,中级,第22课,とうさいする（搭載～）,动3, 装载,
4810,中级,第22课,さけぶ（叫ぶ）,动1, 喊叫，大声叫,
4820,中级,第22课,のぞむ（望む）,动1, 想，希望,
4827,中级,第22课,ひなんする（避難～）,动3, 避难，逃生,
4829,中级,第22课,おぼれる ,动2, 溺水，淹没,
4836,中级,第22课,おとろえる（衰える）,动2, 衰弱,
4837,中级,第22课,こだわる ,动1, 拘泥,
4860,中级,第22课,はかる（量る）,动1, 称，测量,
4861,中级,第22课,じっこうする（実行～）,动3, 执行，实践,
4870,中级,第23课,うつる（映る）,动1, 映，照,
4873,中级,第23课,つむ（積む）,动1, 装载,
4877,中级,第23课,さかえる（栄える）,动2, 昌盛繁荣，繁荣兴盛，兴旺,
4881,中级,第23课,めんする（面する）,动3, 面向，面对,
4884,中级,第23课,のる（載る）,动1, 登载，记载,
4886,中级,第23课,たちよる（立ち寄る）,动1, 顺路到，顺便到；走近,
4896,中级,第23课,ふれる（触れる）,动2, 触摸，碰,
4908,中级,第23课,へだてる（隔てる）,动2, 隔开，分开,
4909,中级,第23课,となりあう（隣り合う）,动1, 相邻，邻接，挨着,
4924,中级,第23课,いじゅうする（移住～）,动3, 移居,
4926,中级,第23课,めぐる（巡る）,动1, 巡游,
4930,中级,第23课,らいにちする（来日～）,动3, 来日本,
4932,中级,第23课,たんじょうする（誕生～）,动3, 诞生,
4936,中级,第23课,ひょうりゅうする（漂流～）,动3, 漂流,
4963,中级,第23课,ほどこす（施す）,动1, 施加，施,
4966,中级,第23课,みはる（見張る）,动1, 瞠目结舌；监视，看守,
4969,中级,第23课,みあきる（見飽きる）,动2, 看厌，看腻,
4996,中级,第23课,あきる（飽きる）,动2, 腻烦，厌烦，厌倦,
4997,中级,第23课,たべあきる（食べ飽きる）,动2, 吃腻,
4998,中级,第23课,ききあきる（聞き飽きる）,动2, 听腻,
5006,中级,第23课,びょうしゃする（描写～）,动3, 描写,
5011,中级,第23课,おしすすめる（推し進める）,动2, 推进,
5012,中级,第23课,てきする（適～）,动3, 适合，适切,
5021,中级,第23课,うめつくす（埋め尽くす）,动1, 挤满，填满,
5029,中级,第24课,ながめる（眺める）,动2, 看，眺望，观看,
5033,中级,第24课,ていはくする（停泊～）,动3, 停泊,
5038,中级,第24课,しゅうせいする（修正～）,动3, 修改，修正,
5044,中级,第24课,つる（釣る）,动1, 钓，钓鱼,
5049,中级,第24课,ふやす（増やす）,动1, 增加,
5053,中级,第24课,あてはまる（当てはまる）,动1, 适合；适用,
5061,中级,第24课,よこぎる（横切る）,动1, 横过，横穿过,
5064,中级,第24课,なりたつ（成り立つ）,动1, 成立,
5066,中级,第24课,さいけんする（再建～）,动3, 重新建设,
5069,中级,第24课,はかる（測る）,动1, 测量，测算,
5070,中级,第24课,きずつける（傷つける）,动2, 伤害，弄伤,
5074,中级,第24课,きんぱくする（緊迫～）,动3, 激烈，紧迫，紧张,
5075,中级,第24课,ちゅうだんする（中断～）,动3, 打断，中断,
5078,中级,第24课,うんえいする（運営～）,动3, 运营，经营，管理,
5084,中级,第24课,たいりつする（対立～）,动3, 对立,
5088,中级,第24课,したしむ（親しむ）,动1, 亲近；喜好,
5090,中级,第24课,きようする（起用～）,动3, 起用，任用,
5092,中级,第24课,しゅつえんする（出演～）,动3, 出演,
5095,中级,第24课,つくりあげる（作り上げる）,动2, 制作，做完,
5098,中级,第24课,はっしんする（発信～）,动3, 传达，发信,
5108,中级,第24课,めいわくする（迷惑～）,动3, 感到麻烦，遭受烦扰,
5113,中级,第24课,さっかくする（錯覚～）,动3, 错觉,
5118,中级,第24课,おうえんする（応援～）,动3, 声援，支援,
5120,中级,第24课,こうにゅうする（購入～）,动3, 买进，购入,
5127,中级,第24课,かかえる（抱える）,动2, 担负，承担,
5134,中级,第24课,ひっくりかえる（引っくり返る）,动1, 倒，翻倒,
5143,中级,第25课,こす（越す）,动1, 超过，胜过,
5145,中级,第25课,おさえる（押さえる）,动2, 订，抓住；把握，掌控；压，按,
5157,中级,第25课,こんやくする（婚約～）,动3, 定婚，婚约,
5158,中级,第25课,すすめる ,动2, 劝，劝告，推荐,
5165,中级,第25课,はやす（生やす）,动1, 留，使……生长,
5167,中级,第25课,みだれる（乱れる）,动2, 乱，不平静,
5174,中级,第25课,けいこくする（警告～）,动3, 警告,
5189,中级,第25课,トレーニングする ,动3, 练习，训练，锻炼,
5197,中级,第25课,かぞえる（数える）,动2, 数，计算，列举,
5201,中级,第25课,おうじる（応じる）,动2, 适应，接受，回答，答应,
5206,中级,第25课,まく（巻く）,动1, 卷，卷起,
5213,中级,第25课,つける（漬ける）,动2, 腌，浸，泡，浸泡,
5217,中级,第25课,こうあんする（考案～）,动3, 设计，规划,
5218,中级,第25课,こらす ,动1, 绞尽脑汁，凝，集中,
5220,中级,第25课,アレンジする ,动3, 改制，整理，排列，准备，安排,
5224,中级,第25课,そくす（即す）,动1, 适应，结合，符合,
5227,中级,第25课,ぎゃくゆにゅうする（逆輸入～）,动3, （出口以后）重又进口，再输入,
5234,中级,第25课,つらぬく（貫く）,动1, 穿过，贯彻,
5255,中级,第25课,さくじょする（削除～）,动3, 删除,
5260,中级,第25课,しばる（縛る）,动1, 束缚,
5262,中级,第25课,しゅくしょうする（縮小～）,动3, 缩小,
5274,中级,第25课,にんしきする（認識～）,动3, 认识,
5279,中级,第26课,ひょうしょうする（表彰～）,动3, 表彰,
5308,中级,第26课,あいしあう（愛し合う）,动1, 互爱，相互爱慕,
5325,中级,第26课,およぼす（及ぼす）,动1, 影响到，波及，达到,
5328,中级,第26课,はいしゅつする（排出～）,动3, 排放，排出,
5331,中级,第26课,きゅうしゅうする（吸収～）,动3, 吸收,
5333,中级,第26课,げきげんする（激減～）,动3, 骤减，剧减,
5337,中级,第26课,こうじる（講じる）,动2, 采取，寻求，谋求；讲说，朗读,
5351,中级,第26课,かくほする（確保～）,动3, 确保,
5359,中级,第26课,くずす（崩す）,动1, 打乱，拆散，搞乱,
5362,中级,第26课,はんげんする（半減～）,动3, 减半,
5371,中级,第26课,わく（湧く）,动1, 涌现，产生；涌出，冒出,
5375,中级,第27课,しゅさいする（主催～）,动3, 主办，举办,
5384,中级,第27课,とめる（停める）,动2, 停，停泊，停放,
5385,中级,第27课,へこむ（凹む）,动1, 凹陷，凹下，陷下；服输,
5393,中级,第27课,せつりつする（設立～）,动3, 设立,
5395,中级,第27课,だきょうする（妥協～）,动3, 妥协,
5397,中级,第27课,なす ,动1, 完成，形成，构成；做，为,
5402,中级,第27课,そうていする（想定～）,动3, 想象到，设想，设定，预定，预期,
5423,中级,第27课,つかまえる（捕まえる）,动2, 捉住，逮住；抓住,
5426,中级,第27课,もむ ,动1, 互相拥挤，乱作一团；推拿；揉搓,
5429,中级,第27课,こうしんする（更新～）,动3, 更新,
5432,中级,第27课,のぞむ（臨む）,动1, 面临，面对,
5434,中级,第27课,あてはめる（当てはめる）,动2, 填，应用，适用,
5435,中级,第27课,みちびきだす（導き出す）,动1, 导出，引出，推导,
5437,中级,第27课,あいつぐ（相次ぐ）,动1, 接连不断，相继，陆续,
5441,中级,第27课,とびかう（飛び交う）,动1, 漫天飞舞，飞来飞去,
5444,中级,第27课,みっちゃくする（密着～）,动3, 密切，紧密,
5456,中级,第27课,きぞうする（寄贈～）,动3, 赠送，增予,
5469,中级,第27课,ととのえる（整える）,动2, 完善，完备,
5507,中级,第28课,ゆうきづける（勇気づける）,动2, 鼓励，打气,
5511,中级,第28课,かわいがる ,动1, 喜爱，疼爱,
5512,中级,第28课,こがす（焦がす）,动1, 炒煳，烧煳，烤焦,
5513,中级,第28课,つくりなおす（作り直す）,动1, 重做,
5515,中级,第28课,きずく（築く）,动1,建立；积累,
5521,中级,第28课,かなう ,动1, 能实现，如愿以偿,
5522,中级,第28课,ねこむ（寝込む）,动1, 卧床不起；熟睡,
5523,中级,第28课,げんきづける（元気づける）,动2, 使振作，鼓劲，打气，使打起精神,
5524,中级,第28课,かっきづける（活気づける）,动2, 使充满活力,
5534,中级,第28课,みる（診る）,动2, 诊断,
5551,中级,第28课,はんする（反する）,动3, 相反；违反,
5553,中级,第28课,せいぎょする（制御～）,动3, 控制，操纵，驾驭,
5557,中级,第28课,もぐる（潜る）,动1, 潜入，钻过，钻入,
5574,中级,第28课,ほろぼす（滅ぼす）,动1, 毁灭，使灭亡,
5581,中级,第28课,ちゅうたいする（中退～）,动3, 中途退学,
5586,中级,第28课,そなえる（備える）,动2, 准备，防备,
5589,中级,第28课,ちょぞうする（貯蔵～）,动3, 储藏,
5591,中级,第28课,とくてんする（得点～）,动3, 得分,
5594,中级,第28课,らくせんする（落選～）,动3, 落选,
5597,中级,第28课,いかす（生かす）,动1, 发挥，有效利用,
5604,中级,第28课,こんらんする（混乱～）,动3, 混乱,
5619,中级,第29课,ちょうだいする（頂戴～）,动3, 领受，收到；吃,
5620,中级,第29课,はいりょする（配慮～）,动3, 照顾，关怀，照料,
5624,中级,第29课,きがえる（着替える）,动2, 换衣服，更衣,
5640,中级,第29课,うかる（受かる）,动1, 考上，考中，及格,
5654,中级,第29课,とびちる（飛び散る）,动1, 四处飞散，洒落，飘洒，飞洒,
5657,中级,第29课,つまる（詰まる）,动1, 塞满，挤满，堆满；堵塞，不通,
5664,中级,第29课,とうじょうする（搭乗～）,动3, 搭乘,
5673,中级,第29课,はくする（博する）,动1, 博得，获取，获得，得到,
5681,中级,第29课,りっこうほする（立候補～）,动3, 参加竞选，作候选人,
5685,中级,第29课,こうふんする（興奮～）,动3, 兴奋，激动,
5689,中级,第29课,ちょうせつする（調節～）,动3, 调节，调剂，调整,
5691,中级,第29课,じょうりくする（上陸～）,动3, 登陆，登岸,
5697,中级,第29课,おいつく（追いつく）,动1, 赶上，追上；来得及,
5700,中级,第29课,しりあう（知り合う）,动1, 相识，结识,
5702,中级,第29课,みすてる（見捨てる）,动2, 抛弃，离弃,
5708,中级,第30课,さきだつ（先立つ）,动1, 在……之前；率先,
5710,中级,第30课,みなれる（見慣れる）,动2, 看惯，看熟,
5729,中级,第30课,アップする ,动3, 提高，增高,
5745,中级,第30课,したがう（従う）,动1, 遵守，遵从，服从；跟随,
5758,中级,第30课,おしよせる（押し寄せる）,动2, 涌过来，蜂拥而至,
5760,中级,第30课,もたらす ,动1, 造成，招致，带来，带去,
5765,中级,第30课,おしあう（押し合う）,动1, 相互推挤，冲撞,
5767,中级,第30课,たえる（耐える）,动2, 承受，忍受，忍耐,
5769,中级,第30课,ずれる ,动2, 错位，错开，移动；背离，偏离,
5774,中级,第30课,いちする（位置～）,动3, 位于，位置,
5782,中级,第30课,オープンする ,动3, 开张，开业，开放,
5784,中级,第30课,うちあう（打ち合う）,动1, 对打，互打,
5786,中级,第30课,げしゃする（下車～）,动3, 下车,
5788,中级,第30课,いいあう（言い合う）,动1, 互相说；各执一司；争论,
5790,中级,第30课,にこむ（煮込む）,动1, 炖，煮，熬,
5791,中级,第30课,かさねる（重ねる）,动2, 反复，多次；摞，叠放,
5792,中级,第30课,はんこうする（反抗～）,动3, 反抗,
5801,中级,第30课,だんけつする（団結～）,动3, 团结,
5802,中级,第30课,せめる（攻める）,动2, 进攻，攻击,
5804,中级,第30课,こくふくする（克服～）,动3, 克服,
5810,中级,第31课,しんせつする（新設～）,动3, 新成立，新设，新设置，新开设,
5812,中级,第31课,なぐさめる（慰める）,动2, 安慰，宽慰；慰问，慰劳,
5815,中级,第31课,たつ（発つ）,动1, 出发，动身；离开,
5822,中级,第31课,くるう（狂う）,动1, 打乱；发疯，疯狂；失常,
5825,中级,第31课,ふく（拭く）,动1, 擦，抹，拭，擦拭,
5834,中级,第31课,くみたてる（組み立てる）,动2, 组装，安装，装配,
5842,中级,第31课,くう（食う）,动1, 吃；咬，叮；吃饭；侵占,
5845,中级,第31课,おもいきる（思い切る）,动1, 决心，决意，下狠心,
5846,中级,第31课,しめる（締める）,动2, 系，束，系紧；结算,
5847,中级,第31课,しはいする（支配～）,动3, 统治，指使，支配；控制,
5848,中级,第31课,ほしょうする（保証～）,动3, 保证，担保，打保票,
5850,中级,第31课,すいとる（吸い取る）,动1, 摄取，吸收；吮吸,
5867,中级,第31课,ささえる（支える）,动2, 撑起，支撑；支持,
5869,中级,第31课,たばねる（束ねる）,动2, 扎，束，捆；整顿,
5874,中级,第31课,つりさげる（つり下げる）,动2, 挂，吊，悬挂,
5877,中级,第31课,ゆらす（揺らす）,动1, 摇晃，晃动,
5889,中级,第31课,ぶんかいする（分解～）,动3, 分解；拆分，分析,
5903,中级,第31课,こうたいする（交代～）,动3, 换，更换，更替，换班，轮换,
5907,中级,第31课,でんせんする（伝染～）,动3, 传染,
5917,中级,第31课,のうひんする（納品～）,动3, 交货，缴纳物品,
5924,中级,第31课,こくはくする（告白～）,动3, 坦白，自白，告白,
5927,中级,第32课,たいしゃする（退社～）,动3, 下班；辞职，退职,
5928,中级,第32课,おちつく（落ち着く）,动1, 稳定，沉着，安定,
5929,中级,第32课,はげます（励ます）,动1, 鼓劲，鼓励，激励,
5934,中级,第32课,ろくおんする（録音～）,动3, 录音,
5938,中级,第32课,ていでんする（停電～）,动3, 停电,
5939,中级,第32课,きらう（嫌う）,动1, 讨厌，厌烦,
5949,中级,第32课,ひけつする（否決～）,动3, 否决,
5951,中级,第32课,きずつく（傷つく）,动1, 受伤，负伤；受损，受创,
5956,中级,第32课,ちょくめんする（直面～）,动3, 直面，面临，面对,
5960,中级,第32课,ぶんぷする（分布～）,动3, 分布,
5965,中级,第32课,せいそくする（生息～）,动3, 栖息，生息,
5974,中级,第32课,とりくむ（取り組む）,动1, 致力于，埋头于,
5977,中级,第32课,しいくする（飼育～）,动3, 饲养,
5982,中级,第32课,つのる（募る）,动1, 募集，征募，招募,
5984,中级,第32课,はけんする（派遣～）,动3, 派遣,
5986,中级,第32课,ふかめる（深める）,动2, 加深，深化,
5990,中级,第32课,こころみる（試みる）,动2, 尝试，试验,
5993,中级,第32课,さしのべる（差し伸べる）,动2, 伸出,
5995,中级,第32课,さいする（際する）,动3, 正值，正当,
6009,中级,第32课,かんせんする（感染～）,动3, 感染，染上,
6022,中级,第32课,かいかんする（開館～）,动3, 开馆,
6029,中级,第32课,へいさする（閉鎖～）,动3, 关闭，封闭,
